{
   "main" : {
      "controls" : [
         {
            "panel" : {
               "controls" : [
                  {
                     "image" : {
                        "alpha" : 0.70,
                        "clip_direction" : "left",
                        "clip_ratio" : 0.0,
                        "controls" : [],
                        "layer" : 1,
                        "size" : [ 420.0, 230.0 ],
                        "texture" : "textures/ui/dialog_background_opaque",
                        "type" : "image"
                     }
                  },
                  {
                     "label" : {
                        "font_scale_factor" : 1.10,
                        "font_size" : "large",
                        "font_type" : "default",
                        "layer" : 2,
                        "offset" : [ 1.50, -28.50 ],
                        "shadow" : true,
                        "size" : [ 311, 58 ],
                        "text" : "玩家XXX想要传送到你身边，是否同意？\n请在10秒后作出答复",
                        "text_alignment" : "center",
                        "type" : "label"
                     }
                  },
                  {
                     "button@common.button" : {
                        "$control_alpha" : 1.0,
                        "$default_texture" : "textures/netease/common/button/default",
                        "$hover_texture" : "textures/netease/common/button/hover",
                        "$is_new_nine_slice" : false,
                        "$label_color" : [ 0.0, 0.6745098039215687, 0.3254901960784314 ],
                        "$label_font_scale_factor" : 1.20,
                        "$label_font_size" : "large",
                        "$label_layer" : 3,
                        "$label_offset" : [ 0, 0 ],
                        "$label_text" : "同 意",
                        "$nine_slice_buttom" : 0,
                        "$nine_slice_left" : 0,
                        "$nine_slice_right" : 0,
                        "$nine_slice_top" : 0,
                        "$nineslice_size" : [ 0, 0, 0, 0 ],
                        "$pressed_button_name" : "%netease_editor_template_namespace.click",
                        "$pressed_texture" : "textures/netease/common/button/pressed",
                        "$texture_layer" : 2,
                        "bindings" : [
                           {
                              "binding_collection_name" : "",
                              "binding_condition" : "always_when_visible",
                              "binding_type" : "collection_details"
                           }
                        ],
                        "button_mappings" : [],
                        "controls" : [
                           {
                              "default@netease_editor_template_namespace.default" : {}
                           },
                           {
                              "hover@netease_editor_template_namespace.hover" : {}
                           },
                           {
                              "pressed@netease_editor_template_namespace.pressed" : {}
                           },
                           {
                              "button_label@netease_editor_template_namespace.button_label" : {}
                           }
                        ],
                        "default_control" : "default",
                        "hover_control" : "hover",
                        "is_handle_button_move_event" : true,
                        "layer" : 3,
                        "offset" : [ -98.0, 43.0 ],
                        "pressed_control" : "pressed",
                        "size" : [ 100, 50 ],
                        "type" : "button"
                     }
                  },
                  {
                     "button(0)@common.button" : {
                        "$control_alpha" : 1.0,
                        "$default_texture" : "textures/netease/common/button/default",
                        "$hover_texture" : "textures/netease/common/button/hover",
                        "$is_new_nine_slice" : false,
                        "$label_color" : [ 0.6666666666666666, 0.0, 0.0 ],
                        "$label_font_scale_factor" : 1.20,
                        "$label_font_size" : "large",
                        "$label_layer" : 3,
                        "$label_offset" : [ 0, 0 ],
                        "$label_text" : "拒 绝",
                        "$nine_slice_buttom" : 0,
                        "$nine_slice_left" : 0,
                        "$nine_slice_right" : 0,
                        "$nine_slice_top" : 0,
                        "$nineslice_size" : [ 0, 0, 0, 0 ],
                        "$pressed_button_name" : "%netease_editor_template_namespace.click",
                        "$pressed_texture" : "textures/netease/common/button/pressed",
                        "$texture_layer" : 2,
                        "bindings" : [
                           {
                              "binding_collection_name" : "",
                              "binding_condition" : "always_when_visible",
                              "binding_type" : "collection_details"
                           }
                        ],
                        "button_mappings" : [],
                        "controls" : [
                           {
                              "default@netease_editor_template_namespace.default" : {}
                           },
                           {
                              "hover@netease_editor_template_namespace.hover" : {}
                           },
                           {
                              "pressed@netease_editor_template_namespace.pressed" : {}
                           },
                           {
                              "button_label@netease_editor_template_namespace.button_label" : {}
                           }
                        ],
                        "default_control" : "default",
                        "hover_control" : "hover",
                        "is_handle_button_move_event" : true,
                        "layer" : 13,
                        "offset" : [ 104.0, 43.0 ],
                        "pressed_control" : "pressed",
                        "size" : [ 100, 50 ],
                        "type" : "button"
                     }
                  },
                  {
                     "button(1)@common.button" : {
                        "$control_alpha" : 1.0,
                        "$default_texture" : "textures/ui/legacy_pocket_close_button_default",
                        "$hover_texture" : "textures/ui/legacy_pocket_close_button_default",
                        "$is_new_nine_slice" : false,
                        "$label_color" : [ 1, 1, 1 ],
                        "$label_font_scale_factor" : 1.0,
                        "$label_font_size" : "large",
                        "$label_layer" : 3,
                        "$label_offset" : [ 0, 0 ],
                        "$label_text" : "",
                        "$nine_slice_buttom" : 0,
                        "$nine_slice_left" : 0,
                        "$nine_slice_right" : 0,
                        "$nine_slice_top" : 0,
                        "$nineslice_size" : [ 0, 0, 0, 0 ],
                        "$pressed_button_name" : "%netease_editor_template_namespace.click",
                        "$pressed_texture" : "textures/ui/legacy_pocket_close_button_pressed",
                        "$texture_layer" : 2,
                        "bindings" : [
                           {
                              "binding_collection_name" : "",
                              "binding_condition" : "always_when_visible",
                              "binding_type" : "collection_details"
                           }
                        ],
                        "button_mappings" : [],
                        "controls" : [
                           {
                              "default@netease_editor_template_namespace.default" : {}
                           },
                           {
                              "hover@netease_editor_template_namespace.hover" : {}
                           },
                           {
                              "pressed@netease_editor_template_namespace.pressed" : {}
                           },
                           {
                              "button_label@netease_editor_template_namespace.button_label" : {}
                           }
                        ],
                        "default_control" : "default",
                        "hover_control" : "hover",
                        "is_handle_button_move_event" : true,
                        "layer" : 23,
                        "offset" : [ 180.0, -90.50 ],
                        "pressed_control" : "pressed",
                        "size" : [ 42, 37 ],
                        "type" : "button"
                     }
                  }
               ],
               "layer" : 1,
               "size" : [ 420.0, 230.0 ],
               "type" : "panel"
            }
         }
      ],
      "type" : "screen"
   },
   "namespace" : "tpaplayerUI"
}
