{
   "namespace" : "tpaUI",
   "tpaUI" : {
      "controls" : [
         {
            "panel" : {
               "controls" : [
                  {
                     "image" : {
                        "clip_direction" : "left",
                        "clip_ratio" : 0.0,
                        "controls" : [
                           {
                              "button@common.button" : {
                                 "$control_alpha" : 1.0,
                                 "$default_texture" : "textures/netease/common/button/default",
                                 "$hover_texture" : "textures/netease/common/button/hover",
                                 "$is_new_nine_slice" : false,
                                 "$label_color" : [ 0.0, 0.0, 0.0 ],
                                 "$label_font_scale_factor" : 1.0,
                                 "$label_font_size" : "large",
                                 "$label_layer" : 3,
                                 "$label_offset" : [ 0, 0 ],
                                 "$label_text" : "请求传送到他身边",
                                 "$nine_slice_buttom" : 0,
                                 "$nine_slice_left" : 0,
                                 "$nine_slice_right" : 0,
                                 "$nine_slice_top" : 0,
                                 "$nineslice_size" : [ 0, 0, 0, 0 ],
                                 "$pressed_button_name" : "%netease_editor_template_namespace.click",
                                 "$pressed_texture" : "textures/netease/common/button/pressed",
                                 "$texture_layer" : 2,
                                 "bindings" : [
                                    {
                                       "binding_collection_name" : "",
                                       "binding_condition" : "always_when_visible",
                                       "binding_type" : "collection_details"
                                    }
                                 ],
                                 "button_mappings" : [],
                                 "controls" : [
                                    {
                                       "default@netease_editor_template_namespace.default" : {}
                                    },
                                    {
                                       "hover@netease_editor_template_namespace.hover" : {}
                                    },
                                    {
                                       "pressed@netease_editor_template_namespace.pressed" : {}
                                    },
                                    {
                                       "button_label@netease_editor_template_namespace.button_label" : {}
                                    }
                                 ],
                                 "default_control" : "default",
                                 "hover_control" : "hover",
                                 "is_handle_button_move_event" : true,
                                 "offset" : [ 6.0, 52.0 ],
                                 "pressed_control" : "pressed",
                                 "size" : [ 100, 50 ],
                                 "type" : "button"
                              }
                           },
                           {
                              "edit_box@common.text_edit_box" : {
                                 "$edit_box_default_texture" : "textures/ui/edit_box_indent",
                                 "$edit_box_hover_texture" : "textures/ui/edit_box_indent_hover",
                                 "$font_scale_factor" : 2.0,
                                 "$font_size" : "normal",
                                 "$is_new_nine_slice" : false,
                                 "$nine_slice_buttom" : 0,
                                 "$nine_slice_left" : 0,
                                 "$nine_slice_right" : 0,
                                 "$nine_slice_top" : 0,
                                 "$nineslice_size" : [ 0, 0, 0, 0 ],
                                 "$place_holder_text" : "请输入玩家的名称",
                                 "$place_holder_text_color" : [ 0.50, 0.50, 0.50 ],
                                 "$text_background_default" : "netease_editor_template_namespace.edit_box_background_default",
                                 "$text_background_hover" : "netease_editor_template_namespace.edit_box_background_hover",
                                 "$text_box_name" : "%netease_editor_template_namespace.message",
                                 "$text_box_text_color" : [ 1, 1, 1 ],
                                 "$text_edit_box_content_binding_name" : "#netease_editor_template_namespace.message_content",
                                 "$text_edit_box_label_anchor_point" : "right_middle",
                                 "$text_edit_box_label_min_size" : [ "100%", 0 ],
                                 "$text_edit_box_label_size" : [ "default", "default" ],
                                 "layer" : 11,
                                 "max_length" : 512,
                                 "offset" : [ 3.50, -38.50 ],
                                 "size" : [ 317, 48 ],
                                 "type" : "edit_box"
                              }
                           },
                           {
                              "button(1)@common.button" : {
                                 "$control_alpha" : 1.0,
                                 "$default_texture" : "textures/ui/legacy_pocket_close_button_default",
                                 "$hover_texture" : "textures/ui/legacy_pocket_close_button_default",
                                 "$is_new_nine_slice" : false,
                                 "$label_color" : [ 1, 1, 1 ],
                                 "$label_font_scale_factor" : 1.0,
                                 "$label_font_size" : "large",
                                 "$label_layer" : 3,
                                 "$label_offset" : [ 0, 0 ],
                                 "$label_text" : "",
                                 "$nine_slice_buttom" : 0,
                                 "$nine_slice_left" : 0,
                                 "$nine_slice_right" : 0,
                                 "$nine_slice_top" : 0,
                                 "$nineslice_size" : [ 0, 0, 0, 0 ],
                                 "$pressed_button_name" : "%netease_editor_template_namespace.click",
                                 "$pressed_texture" : "textures/ui/legacy_pocket_close_button_pressed",
                                 "$texture_layer" : 2,
                                 "bindings" : [
                                    {
                                       "binding_collection_name" : "",
                                       "binding_condition" : "always_when_visible",
                                       "binding_type" : "collection_details"
                                    }
                                 ],
                                 "button_mappings" : [],
                                 "controls" : [
                                    {
                                       "default@netease_editor_template_namespace.default" : {}
                                    },
                                    {
                                       "hover@netease_editor_template_namespace.hover" : {}
                                    },
                                    {
                                       "pressed@netease_editor_template_namespace.pressed" : {}
                                    },
                                    {
                                       "button_label@netease_editor_template_namespace.button_label" : {}
                                    }
                                 ],
                                 "default_control" : "default",
                                 "hover_control" : "hover",
                                 "is_handle_button_move_event" : true,
                                 "layer" : 24,
                                 "offset" : [ 178.50, -93.50 ],
                                 "pressed_control" : "pressed",
                                 "size" : [ 31, 29 ],
                                 "type" : "button"
                              }
                           },
                           {
                              "label" : {
                                 "font_scale_factor" : 1.10,
                                 "font_size" : "large",
                                 "font_type" : "default",
                                 "layer" : 34,
                                 "offset" : [ 2.50, -89.0 ],
                                 "shadow" : true,
                                 "size" : [ 207, 38 ],
                                 "text" : "请求传送",
                                 "text_alignment" : "center",
                                 "type" : "label"
                              }
                           },
                           {
                              "selections@tpaUI.tpaUISelections" : {
                                 "max_size" : [ "default", 0.0 ],
                                 "offset" : [ 3.50, -5.0 ],
                                 "size" : [ 317.0, 20.0 ]
                              }
                           }
                        ],
                        "layer" : 1,
                        "offset" : [ -0.50, -2.50 ],
                        "size" : [ 420.0, 230.0 ],
                        "texture" : "textures/ui/dialog_background_opaque",
                        "type" : "image"
                     }
                  }
               ],
               "layer" : 1,
               "size" : [ 420.0, 230.0 ],
               "type" : "panel"
            }
         }
      ],
      "type" : "screen"
   },
   "tpaUISelections" : {
      "controls" : [
         {
            "selections@combo_box.comboBoxPanel" : {
               "$content_label" : "combo_box.label",
               "$content_size" : [ "100.0%+0.0px", 100 ],
               "$default_item_texture" : "textures/ui/button_borderless_light",
               "$default_title_texture" : "textures/ui/button_borderless_light",
               "$hover_item_texture" : "textures/ui/button_borderless_lighthover",
               "$hover_title_texture" : "textures/ui/button_borderless_lighthover",
               "$item_nineslice_size|default" : [ 0.0, 0.0, 0.0, 0.0 ],
               "$item_size" : [ "100.0%+0.0px", "10.0%x+0.0px" ],
               "$pressed_item_texture" : "textures/ui/button_borderless_lightpressed",
               "$pressed_title_texture" : "textures/ui/button_borderless_lightpressed",
               "$scroll_background_texture" : "textures/ui/ScrollRail",
               "$title_down_image" : "combo_box.dropdownImage",
               "$title_label" : "combo_box.titleLabel",
               "$title_nineslice_size|default" : [ 0.0, 0.0, 0.0, 0.0 ],
               "$title_up_image" : "combo_box.dropupImage",
               "alpha" : 1.0,
               "anchor_from" : "center",
               "anchor_to" : "center",
               "clip_offset" : [ 0, 0 ],
               "clips_children" : false,
               "enabled" : true,
               "layer" : 0,
               "max_size" : [ 0, 0 ],
               "min_size" : [ 0, 0 ],
               "offset" : [ 0.0, 0.0 ],
               "priority" : 0,
               "propagate_alpha" : false,
               "size" : [ "default", 20.0 ],
               "type" : "panel",
               "visible" : true
            }
         }
      ],
      "size" : [ "default", 20.0 ],
      "type" : "panel"
   }
}
